,true_positive,true_negative,false_positive,false_negative,accuracy,precision,recall,f1_score
0,1080.0,9758.0,1610.0,3681.0,0.6719573439146879,0.40148698884758366,0.22684310018903592,0.2898939739632264
