,true_positive,true_negative,false_positive,false_negative,accuracy,precision,recall,f1_score
0,2394.0,6136.0,5232.0,2367.0,0.5288610577221154,0.3139260424862313,0.502835538752363,0.38653426979898287
